{
  "seed_node": 107,
  "seed_degree": 1045,
  "n_runs": 100,
  "prob": 0.1,
  "spread_stats": {
    "mean": 2892.3,
    "std": 128.4,
    "max": 3077,
    "min": 2410,
    "max_steps": 15.2
  },
  "avg_intra": 75892,
  "avg_inter": 3039,
  "intra_pct": 96.1,
  "speed": {
    "avg_intra_steps": 2.37,
    "avg_inter_steps": 5.45,
    "speed_ratio": 2.3
  },
  "mean_curve": [
    1.0,
    104.16,
    451.97,
    897.21,
    1279.53,
    1724.11,
    2169.9,
    2464.96,
    2636.32,
    2744.27,
    2810.52,
    2849.28,
    2869.57,
    2880.24,
    2885.54,
    2888.43,
    2889.87,
    2891.02,
    2891.73,
    2892.06,
    2892.23,
    2892.29,
    2892.34
  ],
  "std_curve": [
    0.0,
    10.936836837038394,
    44.7552131041737,
    110.14420502232518,
    229.74531355394393,
    291.0868906357688,
    249.30810255585362,
    191.6325609075869,
    152.3807651903612,
    125.47468708867142,
    116.90786799869375,
    116.55368548441527,
    119.1923030233077,
    122.54869399548902,
    125.045865185539,
    126.52914723493559,
    127.32137723100548,
    128.019450084743,
    128.42444120960772,
    128.61421538850203,
    128.52609501575932,
    128.45639688236625,
    128.4379398775922
  ],
  "step_range": [
    0,
    1,
    2,
    3,
    4,
    5,
    6,
    7,
    8,
    9,
    10,
    11,
    12,
    13,
    14,
    15,
    16,
    17,
    18,
    19,
    20,
    21,
    22
  ]
}